日期,0:00储电量（kWh）,24:00储电量（kWh）,计划购电量（kWh）,紧急购电量（kWh）,充电量（kWh）,放电量（kWh）,弃电量（kWh）,计划购电费（元）,紧急购电费（元）,总购电费（元）
2025-02-01,6000.0,6000.0,39926.510368115574,151.15043869988745,20278.39789026715,16425.502291116387,1846.5892743313643,20623.527143776868,372.399699396016,20995.926843172885
2025-02-02,6000.0,6000.0,89947.94146075119,0.0,22212.18226817937,17991.86763722529,7371.348879797102,56666.91124145963,0.0,56666.91124145963
2025-02-03,6000.0,6000.0,83461.03468729043,1374.3351565858393,24026.359313229397,19461.35104371582,53.445074362695436,52229.636090840504,4615.729818684426,56845.36590952493
2025-02-04,6000.0,6000.0,83956.57490637276,2644.3004089375963,24845.98409517924,20125.247117095183,685.2743872262929,52416.95387170545,9291.62787132468,61708.58174303013
2025-02-05,6000.0,6000.0,84978.38546418076,1228.1482842501975,24242.63949878999,19636.537994019898,852.0052603275227,53361.482376303466,3659.938807726885,57021.42118403035
2025-02-06,6000.0,6000.0,86847.22058773236,200.35948076800287,22531.717804627337,18250.691421748143,2495.496468954512,55114.190472236936,418.8531718852697,55533.043644122205
2025-02-07,6000.0,6000.0,36134.37880546707,1370.0714326293476,20304.270679318706,16446.459250248146,1840.9591423592028,18413.66211327395,4981.382971646943,23395.045084920894
2025-02-08,6000.0,6000.0,34493.04265047624,1705.8269552359213,19115.744208096687,15483.752808558313,989.7154895071272,17664.553679171273,5389.79139632303,23054.345075494304
2025-02-09,6000.0,6000.0,82942.68341474532,1269.6350968029433,23730.89443790522,19222.02449470323,148.03260167961668,52092.17609152908,3857.460982061474,55949.63707359055
2025-02-10,6000.0,6000.0,82925.36434789596,354.30632821118,21711.698782830168,17586.476014092437,4827.8103240360915,51712.13028669037,949.3368575207695,52661.46714421114
2025-02-11,6000.0,6000.0,84098.42939754047,103.18110924720979,22275.320401544726,18043.009525251226,4748.7024971608525,52744.50752146554,444.5428714770691,53189.050392942605
2025-02-12,6000.0,6000.0,79575.35070035892,1300.4055854072046,23529.28159312294,19058.718090429593,1138.4566497394464,49416.504224194534,4891.000615394111,54307.50483958865
2025-02-13,6000.0,6000.0,80061.15344332636,0.0,20001.429089076744,16201.157562152162,4931.402899735126,50415.710117340874,0.0,50415.710117340874
2025-02-14,6000.0,6000.0,34551.934567065735,1027.6776342682049,18900.720256308494,15309.583407609884,2186.673535968662,17791.61588994172,3171.0447233013947,20962.660613243115
2025-02-15,6000.0,6000.0,34225.70422064063,1289.8039694365914,18161.657654579383,14710.942700209298,2784.7021357071367,17735.788751240572,3646.030873224244,21381.819624464817
2025-02-16,6000.0,6000.0,78927.5421589359,1154.6470332258941,23362.145722898735,18923.338035547968,266.00240481104123,48800.845812658285,4616.879685915798,53417.72549857408
2025-02-17,6000.0,6000.0,77601.87160296539,11.515300075066762,21627.503964549127,17518.278211284796,2320.2979831094553,48027.08065199531,53.93766555161271,48081.01831754692
2025-02-18,6000.0,6000.0,79690.25297565578,0.613814477815481,21273.931015704864,17231.884122720934,3557.432113816341,49720.36859825396,2.7925489668215313,49723.16114722078
2025-02-19,6000.0,6000.0,77754.18156433574,436.71824342944,23446.997161906154,18992.067701143984,856.6429636696773,48410.00161788388,1051.9936015440378,49461.99521942792
2025-02-20,6000.0,6000.0,77001.68608511757,17.028576314241832,21968.715416559113,17794.659487412882,1851.5249989522613,47727.77493847261,79.76185145590874,47807.53678992852
2025-02-21,6000.0,6000.0,37265.721122793744,0.0,17115.437277515477,13863.504194787542,8453.526006732476,19727.357870630927,0.0,19727.357870630927
2025-02-22,6000.0,6000.0,36653.269968886845,0.0,17172.817970333563,13909.982555970186,5545.671671190143,19429.243889445966,0.0,19429.243889445966
2025-02-23,6000.0,6000.0,81074.4841025153,0.0,20719.773109843496,16783.016218973236,5605.873528311704,50467.06626870453,0.0,50467.06626870453
2025-02-24,6000.0,6000.0,75131.93841166397,18.217463246773605,21071.693210517093,17068.071500518843,2943.5005482458328,46399.332478692406,85.33059784788756,46484.663076540295
2025-02-25,6000.0,6000.0,77934.58400411993,2.2251977665011964,19632.352097342493,15902.205198847423,8385.339070058018,48566.51132551695,9.74525361839199,48576.25657913534
2025-02-26,6000.0,6000.0,75512.18986255964,0.0,21041.639104467627,17043.72767461878,2699.4303993774556,46957.5447189661,0.0,46957.5447189661
2025-02-27,6000.0,6000.0,72104.9981615615,1267.2979942885522,22977.576692662686,18611.83712105678,2049.972384244148,44387.744869830014,3527.9979635216005,47915.742833351615
2025-02-28,6000.0,6000.0,35442.74187722514,0.0,16869.915114084557,13664.631242408494,8944.864455549085,18581.883407242043,0.0,18581.883407242043
2025-03-01,6000.0,6000.0,36735.428969948436,0.0,17493.83271789425,14170.004501494339,9752.83482021519,19526.095444822084,0.0,19526.095444822084
2025-03-02,6000.0,6000.0,77102.95845513424,1567.2976155001247,22076.68774228245,17882.117071248784,2117.3783329340276,47664.06711952387,5968.383882853771,53632.45100237764
2025-03-03,6000.0,6000.0,72817.90228236502,4341.314563220503,23980.634060227138,19424.31358878399,585.749740809036,44888.44767068696,13953.377459385396,58841.82513007236
2025-03-04,6000.0,6000.0,76939.10942616382,0.0,21630.6600632125,17520.83465120213,3629.8260808201244,47930.22292076891,0.0,47930.22292076891
2025-03-05,6000.0,6000.0,76410.87628555052,0.0,19905.54084100084,16123.488081210682,6498.351509093704,47423.40511456005,0.0,47423.40511456005
2025-03-06,6000.0,6000.0,72121.01849074016,546.9828487783506,20352.81012122103,16485.77619818904,2860.313283153174,44573.86645343354,1654.495105794973,46228.36155922851
2025-03-07,6000.0,6000.0,32903.18729605375,0.0,17232.50806868182,13958.331535632271,8706.72522967087,17103.619118873834,0.0,17103.619118873834
2025-03-08,6000.0,6000.0,32675.19197775443,0.0,16199.762539233374,13121.807656779029,10534.097578633424,17215.22593509583,0.0,17215.22593509583
2025-03-09,6000.0,6000.0,73870.52826897817,0.0,19567.553620820003,15849.7184328642,6819.168031022369,46057.7781714436,0.0,46057.7781714436
2025-03-10,6000.0,6000.0,70934.47292437396,1487.6869734196762,22033.861757073948,17847.4280232299,193.65471394959837,43588.696754182434,3190.7912890452744,46779.488043227706
2025-03-11,6000.0,6000.0,71164.55810611376,49.216567502367084,21128.281975548496,17113.908400194283,3260.4822982619235,43577.04636187902,179.8373376536493,43756.88369953267
2025-03-12,6000.0,6000.0,68090.33569235976,153.40573716764072,20856.68674330118,16893.91626207395,1845.4362649668515,41750.969732574784,313.288087830481,42064.25782040526
2025-03-13,6000.0,6000.0,64732.58159327577,7042.508083371395,22083.559519570175,17887.683210851843,33.5953512621644,39900.91020154587,17965.278334206443,57866.18853575231
2025-03-14,6000.0,6000.0,30682.34149723492,0.0,16130.508907659007,13065.712215203797,11588.11882144638,16019.119321027227,0.0,16019.119321027227
2025-03-15,6000.0,6000.0,31201.66084884899,268.56200828173223,16068.889591131843,13015.800568816796,7493.008684815677,16452.30957551958,575.7466433000121,17028.05621881959
2025-03-16,6000.0,6000.0,71456.39044081504,1.6400000000001,20144.5180964076,16317.059658090155,4279.525069164283,44232.99758454258,7.461180000000455,44240.45876454258
2025-03-17,6000.0,6000.0,72674.40648724535,0.0,18383.508187797313,14890.641632115821,11323.40849823053,44302.79127544505,0.0,44302.79127544505
2025-03-18,6000.0,6000.0,63603.88903832127,1840.349615061359,21616.37038222403,17509.260009601465,211.16991409340568,38631.086830364184,6044.774020971271,44675.860851335456
2025-03-19,6000.0,6000.0,64647.81557963327,639.5469677246949,21431.648395469514,17359.63520033031,1749.8789022187593,39366.1895474302,1924.7270798363184,41290.91662726652
2025-03-20,6000.0,6000.0,69490.75890990377,412.7124407682975,22130.111975800923,17925.390700398744,3489.788258603227,41742.115787761664,1536.108673228217,43278.224460989884
2025-03-21,6000.0,6000.0,28941.474366550054,1019.1662294130899,15970.884663678977,12936.416577579972,14892.707993197471,15070.902482785492,2196.6528359118256,17267.55531869732
2025-03-22,6000.0,6000.0,31410.968929791885,0.0,15573.739958968301,12614.72936676432,12570.758604254574,16498.82390120388,0.0,16498.82390120388
2025-03-23,6000.0,6000.0,66380.53184175084,0.0,20185.790261302587,16350.490111655094,3775.5115754366725,40703.577865236046,0.0,40703.577865236046
2025-03-24,6000.0,6000.0,65437.49382953044,446.52295644188985,21587.9830325852,17486.26625639401,3783.80292644781,39575.53690821263,973.5827277300698,40549.1196359427
2025-03-25,6000.0,6000.0,62631.244846107285,2492.0919754645292,21347.6973840593,17291.634881088034,117.14960193388629,38245.49068965111,5857.028376143591,44102.5190657947
2025-03-26,6000.0,6000.0,62254.22102102166,0.0,20200.39025589649,16362.316107276154,2823.5920057346666,38034.6625982882,0.0,38034.6625982882
2025-03-27,6000.0,6000.0,64653.858058597936,0.0,20933.65567551735,16956.26109716906,1959.4740802496403,39221.084087789946,0.0,39221.084087789946
2025-03-28,6000.0,6000.0,29327.860947576017,0.0,16483.653938440053,13351.759690136441,15374.085932605745,14773.340883059129,0.0,14773.340883059129
2025-03-29,6000.0,6000.0,30496.168621512683,0.0,16268.470983007868,13177.461496236378,19697.94995140786,15500.512625175057,0.0,15500.512625175057
2025-03-30,6000.0,6000.0,62596.77922988147,0.0,20585.224613156526,16674.031936656782,3339.966853381731,37983.3873567132,0.0,37983.3873567132
2025-03-31,6000.0,6000.0,62012.04297381854,137.02082154320078,20371.20937558846,16500.679594226647,1327.144530666602,37208.358581636894,530.382938082257,37738.74151971915
2025-04-01,6000.0,6000.0,62793.301131670276,1541.1760769143787,19862.093985784413,16088.29612848537,351.8278346189468,37834.73931332839,3380.0570667559737,41214.796380084365
2025-04-02,6000.0,6000.0,58978.26923445596,5852.717625860127,21226.96616293401,17193.84259197655,362.52788935863657,35769.15850244097,15695.785152388802,51464.943654829774
2025-04-03,6000.0,6000.0,64721.610260486916,0.0,20492.436833827847,16598.873835400558,4964.516995392965,39059.16150519549,0.0,39059.16150519549
2025-04-04,6000.0,6000.0,28841.518592100387,0.0,15711.537008753794,12726.344977090572,19425.524310437162,14583.56492627467,0.0,14583.56492627467
2025-04-05,6000.0,6000.0,29072.084731865754,0.0,16158.300354594701,13088.223287221706,13957.89268115943,14650.708824254143,0.0,14650.708824254143
2025-04-06,6000.0,6000.0,60321.74282823154,0.0,19529.248867997427,15818.691583077918,2201.109276645363,36612.38864548392,0.0,36612.38864548392
2025-04-07,6000.0,6000.0,63279.584641252026,0.0,19968.05237120207,16174.122420673679,6242.9354073903105,37897.01972094443,0.0,37897.01972094443
2025-04-08,6000.0,6000.0,64717.490533369055,0.0,20493.468706625914,16599.70965236699,6470.537862443469,38667.793643382334,0.0,38667.793643382334
2025-04-09,6000.0,6000.0,63257.91581545563,453.88048191949576,19800.88538201371,16038.717159431108,815.3170581258505,38048.181016653376,1294.0078667023663,39342.188883355746
2025-04-10,6000.0,6000.0,62410.230931774946,0.0,20555.862171180634,16650.24835865631,4043.979219250621,37478.15294204226,0.0,37478.15294204226
2025-04-11,6000.0,6000.0,27759.9402494818,0.0,15985.212302641266,12948.021965139424,19406.099745313288,13844.720966205838,0.0,13844.720966205838
2025-04-12,6000.0,6000.0,28786.62072076893,0.0,16145.023762584864,13077.469247693738,16693.90565587781,14451.868791588178,0.0,14451.868791588178
2025-04-13,6000.0,6000.0,57284.88993951316,939.977512203591,20081.758880758396,16266.224693414306,132.97478103932502,34621.9481494075,2380.118238551386,37002.06638795889
2025-04-14,6000.0,6000.0,60865.33837045092,0.0,20899.13434161355,16928.29881670697,4366.471045544349,36357.53929977017,0.0,36357.53929977017
2025-04-15,6000.0,6000.0,61561.26543671778,0.0,18353.1985403936,14866.090817718821,7934.728880709671,36900.470805807985,0.0,36900.470805807985
2025-04-16,6000.0,6000.0,61894.37598478705,0.0,19646.92071528043,15914.005779377145,2381.869098883772,36983.67057083953,0.0,36983.67057083953
2025-04-17,6000.0,6000.0,59496.487237621805,0.0,19427.75806239085,15736.48403053659,2936.8708557675454,35760.91469640452,0.0,35760.91469640452
2025-04-18,6000.0,6000.0,26968.851058425007,13.58747793047737,15783.881015515419,12784.943622567485,17629.383960074218,13286.60613538367,28.83942190743822,13315.445557291108
2025-04-19,6000.0,6000.0,27915.820821486013,0.0,15600.054784387194,12636.044375353627,18167.131162452446,13861.663342974665,0.0,13861.663342974665
2025-04-20,6000.0,6000.0,56659.198360003866,0.0,21211.03022716955,17180.93448400734,671.357733508327,33813.612825398806,0.0,33813.612825398806
2025-04-21,6000.0,6000.0,57955.83392043974,11.525207383379438,19764.457865521064,16009.210871072062,5695.201750040787,34456.73639450148,24.4392022564561,34481.17559675794
2025-04-22,6000.0,6000.0,57672.588352002385,0.0,19810.979728462335,16046.893580054491,1755.5728869278814,34588.94279938021,0.0,34588.94279938021
2025-04-23,6000.0,6000.0,60940.54824056409,0.0,18613.150259955495,15076.65171056395,6004.132974505878,36190.845838795576,0.0,36190.845838795576
2025-04-24,6000.0,6000.0,57116.3330382296,0.0,19030.07768822764,15414.36292746439,6410.511577466356,34261.57369605925,0.0,34261.57369605925
2025-04-25,6000.0,6000.0,25812.639351539314,143.93383594004462,16276.545200316124,13184.00161225606,20863.671949419288,12403.396489845309,370.13957156900244,12773.536061414312
2025-04-26,6000.0,6000.0,25582.65526616897,480.9013292502934,16217.829326983228,13136.441754856416,22911.975389959116,12286.689322927417,1864.6048009671122,14151.29412389453
2025-04-27,6000.0,6000.0,51113.85607809224,1715.7495588132097,20116.109163811467,16294.048422687287,434.0737124479407,30657.22133810797,6146.851290485249,36804.07262859322
2025-04-28,6000.0,6000.0,51858.18746151422,8618.713741104448,19910.411250357727,16127.43311278976,71.95574838404445,31130.56830618505,21178.42408244958,52308.99238863463
2025-04-29,6000.0,6000.0,57166.03978599599,339.53376444746857,18115.814517656807,14673.80975930201,6630.3550754220005,33905.5757552853,1269.42623106133,35175.00198634663
2025-04-30,6000.0,6000.0,57703.870670154996,41.197246502584974,17957.828023239377,14545.840698823893,6076.226158908771,34061.31505502087,88.04237946680226,34149.35743448767
2025-05-01,6000.0,6000.0,52017.91264843187,3721.0885429522536,19930.8862350967,16144.017850428325,940.7540067157562,31433.097140341742,15648.232803811734,47081.32994415348
2025-05-02,6000.0,6000.0,25852.562456500484,3371.653659501253,16203.403592991604,13124.756910323198,11855.249349999998,12511.907813079655,14140.19483816043,26652.102651240086
2025-05-03,6000.0,6000.0,27211.308558161872,1607.3560641973186,16196.718382190049,13119.341889573941,16874.116479743083,13512.195464706852,7619.576625849784,21131.77209055664
2025-05-04,6000.0,6000.0,57988.710355172014,1707.2495937719218,18148.035300624644,14699.908593505961,4513.165908491924,34907.720865527204,8175.48055333245,43083.20141885965
2025-05-05,6000.0,6000.0,66695.71105274219,1656.648306907236,20640.734736096227,16718.995136237943,9354.612959791146,39118.796590574086,7489.080037427089,46607.87662800118
2025-05-06,6000.0,6000.0,60217.89134661164,1533.762240973408,20115.679535616553,16293.700423849416,5059.592109151254,35970.072279003245,6291.875051425809,42261.94733042905
2025-05-07,6000.0,6000.0,62338.78554184054,2143.8781267085924,19187.08195340635,15541.536382259144,5769.272147401931,36775.29888918934,10428.915738264885,47204.214627454225
2025-05-08,6000.0,6000.0,62836.12085983878,35.999250000000075,19025.764280817173,15410.869067461914,3430.712496483523,39396.63300617523,243.22893262500048,39639.86193880023
2025-05-09,6000.0,6000.0,32926.80672553452,0.0,15608.634562396006,12642.993995540764,21461.780308679277,18215.5247315251,0.0,18215.5247315251
2025-05-10,6000.0,6000.0,31080.999619840655,0.0,15375.47285748379,12454.133014561874,16038.614493585406,16930.547278029524,0.0,16930.547278029524
2025-05-11,6000.0,6000.0,61654.22738263237,27.561666666666724,18432.958154758173,14930.69610535412,2695.4479165616585,38074.26184952334,185.80697583333372,38260.06882535668
2025-05-12,6000.0,6000.0,64760.51986863296,0.0,17044.99700928496,13806.44757752082,9590.775203535492,39503.78419819538,0.0,39503.78419819538
2025-05-13,6000.0,6000.0,62132.27092518106,0.0,18472.358064420332,14962.610032180466,5493.310126274531,37876.71147561458,0.0,37876.71147561458
2025-05-14,6000.0,6000.0,65264.70675805381,0.0,16843.990946647944,13643.632666784835,9050.19969485738,40070.31165594644,0.0,40070.31165594644
2025-05-15,6000.0,6000.0,60827.96892566884,0.0,18369.841954644035,14879.571983261667,4572.640670953136,37606.68126686233,0.0,37606.68126686233
2025-05-16,6000.0,6000.0,29120.804263737933,0.0,15975.083863406613,12939.817929359357,23370.031796357343,15261.59867009676,0.0,15261.59867009676
2025-05-17,6000.0,6000.0,29116.450700791793,0.0,16099.292891329069,13040.42724197655,15608.78596810594,15453.102293299291,0.0,15453.102293299291
2025-05-18,6000.0,6000.0,58961.51129164335,0.0,17880.98973245963,14483.601683292301,1887.9551424760361,37042.863328293875,0.0,37042.863328293875
2025-05-19,6000.0,6000.0,58932.509266729074,67.00333333333344,18104.179255481115,14664.385196939702,8044.501991520991,36451.17548430337,451.9039816666674,36903.07946597004
2025-05-20,6000.0,6000.0,55280.76368440183,3038.423978072952,18341.943924405223,14856.974578768226,306.8235001711212,34724.92378744037,6509.152584501621,41234.07637194199
2025-05-21,6000.0,6000.0,59488.02256764034,0.0,16823.35283641156,13626.915797493362,4928.970245388816,37198.23245037599,0.0,37198.23245037599
2025-05-22,6000.0,6000.0,55537.899817211386,2.57000000000005,18267.49198400382,14796.668507043092,1253.015523583997,34135.136978137656,17.333365000000338,34152.470343137655
2025-05-23,6000.0,6000.0,27289.457824640405,0.0,16269.873802540884,13178.597780058117,17777.232918824306,13977.473186274405,0.0,13977.473186274405
2025-05-24,6000.0,6000.0,28146.04161802461,14.30812294656122,15653.469551467077,12679.31033668833,21431.689142859093,14776.62685191995,30.370213584938075,14806.997065504887
2025-05-25,6000.0,6000.0,55446.023836593646,0.0,16953.26188944236,13732.142130448312,3679.8938942662603,34843.17619375508,0.0,34843.17619375508
2025-05-26,6000.0,6000.0,53838.832357727726,4579.412244152834,19151.093460924792,15512.385703349082,199.7038943048516,33650.20831034146,9968.703823078431,43618.91213341989
2025-05-27,6000.0,6000.0,56814.29534316013,0.0,17682.308095191638,14322.66955710523,4064.289505073718,35319.273694796284,0.0,35319.273694796284
2025-05-28,6000.0,6000.0,54678.24542559066,1426.3703600495394,18213.82426188238,14753.197652124723,370.16507588254456,34609.48079978899,3034.857109667244,37644.33790945623
2025-05-29,6000.0,6000.0,53436.24152343497,4509.390726058063,19632.59751528278,15902.403987379053,105.31522158930795,32711.378494662524,11779.627013504338,44491.00550816686
2025-05-30,6000.0,6000.0,26807.68494842031,491.6419181589772,16123.44444642819,13059.990001606839,17639.639155091263,13568.851287955278,2239.404534296158,15808.255822251436
2025-05-31,6000.0,6000.0,27584.408647297045,530.5754578614442,15957.261221718663,12925.38158959212,16693.922923031947,14339.10767759043,1144.1070402898188,15483.214717880248
2025-06-01,6000.0,6000.0,55943.79781185379,19414.190106458962,21753.48220164609,17620.320583333334,0.0,34881.656105703485,55916.71856987363,90798.37467557711
2025-06-02,6000.0,6000.0,64759.879916937265,9278.489219645142,21952.153940699056,17781.244691966232,1226.6524378495806,39352.154635440325,31939.996483921095,71292.15111936143
2025-06-03,6000.0,6000.0,64773.10176745804,8074.548834217649,21989.71946502058,17811.67276666667,477.23706998845256,39877.18196062895,24760.1740925122,64637.35605314115
2025-06-04,6000.0,6000.0,67194.36761754827,6447.448082800534,20588.3748099034,16676.583596021752,84.7636698004992,41761.94684146765,17464.607335902925,59226.55417737058
2025-06-05,6000.0,6000.0,72130.05329055287,3382.665450274588,21102.269207369158,17092.838057969013,353.9695747606596,45146.473480220986,9623.973248041573,54770.446728262556
2025-06-06,6000.0,6000.0,32285.946645575812,3822.1798989795316,16225.595480738248,13142.732339397979,2170.2680032150784,17653.13991926243,15730.482238225979,33383.62215748841
2025-06-07,6000.0,6000.0,34395.73712596058,1395.0927153532891,16744.21797929075,13562.816563225504,1482.915258581952,19017.69059242284,5855.255414146188,24872.94600656903
2025-06-08,6000.0,6000.0,101219.36355385788,0.0,17197.215592103876,13929.744629604143,32766.969324691483,65415.186300259455,0.0,65415.186300259455
2025-06-09,6000.0,6000.0,91759.21608443139,0.0,19879.036994057547,16102.01996518661,17049.486322227134,59243.90045388539,0.0,59243.90045388539
2025-06-10,6000.0,6000.0,88660.4987395543,0.0,20681.79350277568,16752.252737248302,13112.513740693592,56224.60899598728,0.0,56224.60899598728
2025-06-11,6000.0,6000.0,87970.96910807332,0.0,22662.057408639594,18356.26650099807,7580.7318837651255,55552.70676667268,0.0,55552.70676667268
2025-06-12,6000.0,6000.0,88549.6348478158,0.0,20928.459663619793,16952.05232753203,12120.836078394716,56564.379987156826,0.0,56564.379987156826
2025-06-13,6000.0,6000.0,43195.88025410996,0.0,15853.278513290743,12841.155595765505,11838.44363658472,25792.16838814193,0.0,25792.16838814193
2025-06-14,6000.0,6000.0,39653.94901890542,0.0,15399.628328949431,12473.698946449033,10534.676886405023,23437.312515839763,0.0,23437.312515839763
2025-06-15,6000.0,6000.0,83588.26534781873,0.0,19281.418759255637,15617.949194997067,9297.82145022682,53262.57730758422,0.0,53262.57730758422
2025-06-16,6000.0,6000.0,88464.97334056131,0.0,19629.789286871724,15900.129322366094,12041.26055938901,57119.418420223345,0.0,57119.418420223345
2025-06-17,6000.0,6000.0,85463.16478565488,0.0,21530.548819164505,17439.744543523248,6735.349293346961,54308.845750266235,0.0,54308.845750266235
2025-06-18,6000.0,6000.0,85490.31560500365,0.0,19033.91381598884,15417.470190950962,10945.48107996576,54843.04028952759,0.0,54843.04028952759
2025-06-19,6000.0,6000.0,85522.3885441118,4.961200057099404,19107.161587132192,15476.800885577079,13637.484842613801,54531.247095042796,33.445930184935634,54564.69302522773
2025-06-20,6000.0,6000.0,37179.88349890171,0.0,15419.782698435441,12490.02398573271,11849.543936198981,21816.32789562425,0.0,21816.32789562425
2025-06-21,6000.0,6000.0,36357.815619848494,0.0,15336.797205314973,12422.805736305127,14109.083750838647,20972.57944191507,0.0,20972.57944191507
2025-06-22,6000.0,6000.0,74786.73688024518,0.0,20783.58060182503,16834.700287478274,3380.5154658984357,46439.65784067781,0.0,46439.65784067781
2025-06-23,6000.0,6000.0,79897.07608020445,0.0,20080.103836298247,16264.884107401585,9020.570351307795,50225.49154000159,0.0,50225.49154000159
2025-06-24,6000.0,6000.0,74970.09926676042,6337.621885479103,23932.493055206323,19385.319374717124,491.7552217503297,46455.169718120735,20512.07250379641,66967.24222191714
2025-06-25,6000.0,6000.0,76369.58696753053,0.0,21700.454826567853,17577.36840951996,1809.079183815977,47732.17241169726,0.0,47732.17241169726
2025-06-26,6000.0,6000.0,78659.38039724535,12.853725264923014,20404.54598516428,16527.682247983066,7247.986551995736,49421.22692655521,86.91046337877697,49508.13738993399
2025-06-27,6000.0,6000.0,33582.03471608978,55.408155523131406,16261.180770644394,13171.556424221963,10776.17265852381,19135.55086419808,111.70710102606355,19247.257965224144
2025-06-28,6000.0,6000.0,32692.95211854666,66.5803202601726,16642.234199799394,13480.209701837503,7820.581824178279,18131.732095382387,136.4098292552616,18268.14192463765
2025-06-29,6000.0,6000.0,71164.16075527863,2652.8910068604846,22585.781132655582,18294.48271745102,257.984813601228,43523.61542123355,7314.229392236497,50837.84481347005
2025-06-30,6000.0,6000.0,78009.21850360425,70.28013591831322,20994.8382456528,17005.818978978772,4212.795389515203,48838.81364952396,431.9135819207238,49270.72723144468
2025-07-01,6000.0,6000.0,80560.01587210534,3321.623490618026,21837.677985025806,17688.5191678709,865.9365122351498,51391.15425438065,11469.763845921145,62860.918100301795
2025-07-02,6000.0,6000.0,74588.59416061128,4435.166051706726,20995.549607634108,17006.395182183624,2129.839420200856,46266.812499266554,19958.47539686297,66225.28789612952
2025-07-03,6000.0,6000.0,75781.878891953,8191.675164853735,22104.868294133554,17904.943318248177,13.21014758804381,47429.70624552029,26504.17079771236,73933.87704323264
2025-07-04,6000.0,6000.0,34540.079459447305,7523.218453647734,16063.015483320913,13011.042541489936,10130.457504597396,19612.673369537293,25425.118715759018,45037.792085296314
2025-07-05,6000.0,6000.0,34409.59155968983,7784.178373643498,15999.999999999995,12959.999999999998,10363.689966666669,19032.16911852815,28416.968050797586,47449.13716932574
2025-07-06,6000.0,6000.0,72589.41439413166,12507.970400556553,23247.019906512825,18830.08612427539,886.4694624507893,44642.91797093539,44252.670612851616,88895.588583787
2025-07-07,6000.0,6000.0,78236.14899203513,2274.976202341122,20774.557160700948,16827.391300167776,3154.4765671764203,48966.56851284611,10592.403765471136,59558.97227831725
2025-07-08,6000.0,6000.0,88755.61746088689,0.0,20464.062343911144,16575.89049856802,9296.058598877113,57627.811379965075,0.0,57627.811379965075
2025-07-09,6000.0,6000.0,82880.50456412227,0.0,18152.567070880497,14703.579327413207,5372.791803988325,53522.243409832,0.0,53522.243409832
2025-07-10,6000.0,6000.0,91203.14060086333,0.0,20084.31420425319,16268.294505445087,14533.497518721904,57983.159569142554,0.0,57983.159569142554
2025-07-11,6000.0,6000.0,49046.082813323315,0.0,15818.270027238532,12812.798722063211,13521.83435814799,29788.016063771694,0.0,29788.016063771694
2025-07-12,6000.0,6000.0,49244.2084211023,0.0,16640.070471843184,13478.45708219298,14998.351698118764,29858.422329323155,0.0,29858.422329323155
2025-07-13,6000.0,6000.0,92124.18998113512,0.0,18744.544699435733,15183.081206542949,19295.006088242342,59169.88912151416,0.0,59169.88912151416
2025-07-14,6000.0,6000.0,82385.67161462345,0.0,18566.214594663616,15038.633821677524,7050.4116249707085,52101.838892915344,0.0,52101.838892915344
2025-07-15,6000.0,6000.0,92492.58727106507,0.0,18717.673128130173,15161.315233785444,16187.178793387024,60335.231955810166,0.0,60335.231955810166
2025-07-16,6000.0,6000.0,86021.77223988186,0.0,19040.40608259996,15422.728926905967,10269.531700854546,55505.68002308553,0.0,55505.68002308553
2025-07-17,6000.0,6000.0,88915.17648407721,0.0,19709.0881986252,15964.361440886412,12450.033659671764,56815.7058323144,0.0,56815.7058323144
2025-07-18,6000.0,6000.0,48565.70065180025,0.0,14758.700440217759,11954.547356576382,14487.299468158879,30333.415642550426,0.0,30333.415642550426
2025-07-19,6000.0,6000.0,46057.1919105607,0.0,15329.175603661248,12416.63223896561,15961.829495865062,28018.474937440613,0.0,28018.474937440613
2025-07-20,6000.0,6000.0,81318.93728276725,0.0,19483.741793043897,15781.830852365554,5527.048125422234,51156.54975161489,0.0,51156.54975161489
2025-07-21,6000.0,6000.0,82152.22033490521,0.0,20195.45337607531,16358.31723462099,4325.3348434509,52347.79732632848,0.0,52347.79732632848
2025-07-22,6000.0,6000.0,86592.9767730156,0.0,20343.174996442485,16477.971747118412,8932.62890702487,56350.78425917329,0.0,56350.78425917329
2025-07-23,6000.0,6000.0,80173.44691585033,0.0,19560.081852121006,15843.666300218016,2240.4842472806745,52114.71324699129,0.0,52114.71324699129
2025-07-24,6000.0,6000.0,77230.52777327687,835.0917540111286,21016.233807700424,17023.149384237342,456.0631038249291,48816.13356603519,2884.6616904776333,51700.79525651282
2025-07-25,6000.0,6000.0,41680.267730858526,0.0,16697.014410541833,13524.581672538883,12002.515426188907,24424.454508356896,0.0,24424.454508356896
2025-07-26,6000.0,6000.0,41833.846002042366,34.623377974774186,16718.815186683867,13542.240301213928,10222.80292788054,24667.583867222,64.27830121016828,24731.86216843217
2025-07-27,6000.0,6000.0,79198.3056434342,650.2571422567357,22716.345556806424,18400.239901013203,1847.2673298977165,49530.97391987297,2320.61193318002,51851.585853052995
2025-07-28,6000.0,6000.0,79446.41670627444,3205.8809744518626,22207.627168851417,17988.17800676965,477.9712853112004,50390.20225980917,8889.55606177514,59279.75832158431
2025-07-29,6000.0,6000.0,86376.04637119698,0.0,20418.139691375647,16538.69315001428,6427.353879835622,55947.30896892465,0.0,55947.30896892465
2025-07-30,6000.0,6000.0,79709.11285549478,403.9326789394092,20318.387071826146,16457.89352817917,2149.29794078722,51328.80152922368,860.8087239816412,52189.61025320532
2025-07-31,6000.0,6000.0,76298.08785985521,2984.683956525818,21687.892647840858,17567.193044751097,467.07594662460446,48165.311309030905,8562.070711135839,56727.38202016674
2025-08-01,6000.0,6000.0,39893.12782343797,362.26692342315187,16459.26658030096,13332.005930043773,15876.774429937273,23033.72185731085,2154.580501388538,25188.302358699388
2025-08-02,6000.0,6000.0,39927.11436711563,180.16579505967513,16505.950901784883,13369.820230445759,16044.124557502852,23362.311310729958,1061.337012318472,24423.64832304843
2025-08-03,6000.0,6000.0,75236.66030573526,1047.6389218414338,18361.002236494653,14872.411811560673,9956.228819309388,47073.08041887884,4281.930991499895,51355.011410378735
2025-08-04,6000.0,6000.0,74777.02015601739,0.0,18556.776343405814,15030.988838158712,5835.577567436962,47696.388064977975,0.0,47696.388064977975
2025-08-05,6000.0,6000.0,74706.41939094014,315.4083017990707,18976.047517901017,15370.59848949982,6264.068931004682,47491.58023777779,706.266317661371,48197.84655543916
2025-08-06,6000.0,6000.0,67983.27202975481,3856.1303472899694,19292.55614370296,15626.970476399396,59.41744307454837,43342.53208002734,12304.995234115882,55647.527314143226
2025-08-07,6000.0,6000.0,66844.68732054786,1265.6881461335677,20922.10657376005,16946.906324745643,747.189967667023,42804.37320076458,4112.5820618757625,46916.955262640346
2025-08-08,6000.0,6000.0,37681.71736526139,1177.924552140483,16622.23793774693,13464.012729575017,19926.245459229962,21497.472963750955,4791.4864797086275,26288.959443459582
2025-08-09,6000.0,6000.0,36800.567804431026,2501.0722840021454,16118.065127230091,13055.632753056374,17317.278714259453,21194.624778179357,7803.372333007866,28997.997111187222
2025-08-10,6000.0,6000.0,66729.90256033374,2360.996082382714,18847.80358307933,15266.720902294252,205.1969119313659,42606.85667857823,7718.277139569125,50325.133818147355
2025-08-11,6000.0,6000.0,69479.55320094404,92.66330932656888,20279.68469095566,16426.544599674082,1157.8230856556954,44699.4582242005,624.7048275575778,45324.16305175808
2025-08-12,6000.0,6000.0,65327.627159935524,6092.040951239136,19169.903189574783,15527.621583555581,16.84285515545548,42231.054266851854,16792.10056819266,59023.154835044515
2025-08-13,6000.0,6000.0,68977.49810132463,952.720691090338,18215.443884703065,14754.509546609483,348.30500432139297,45265.16141571495,2005.0678262532176,47270.22924196817
2025-08-14,6000.0,6000.0,65931.98331759055,4406.361364389012,21277.759627289757,17234.985298104708,369.27936946118166,42180.64095158479,13002.829667384794,55183.470618969586
2025-08-15,6000.0,6000.0,38086.6946011886,1613.814894173985,16614.034922709874,13457.368287395007,19384.115976714394,22077.15063060559,4200.765558300111,26277.9161889057
2025-08-16,6000.0,6000.0,38633.96215928728,1018.5360638705796,16395.298453442196,13280.191747288178,19608.111150337176,22313.663127316475,4269.728056242902,26583.391183559375
2025-08-17,6000.0,6000.0,68763.26964399611,313.28550788087915,21184.036223010127,17159.06934063821,1886.1946528384055,43866.99303427295,1487.5107752670979,45354.503809540045
2025-08-18,6000.0,6000.0,68590.26546531125,365.4305546101497,20750.71031791535,16808.075357511436,618.9454428508307,43946.35608378677,1242.5167745549106,45188.87285834168
2025-08-19,6000.0,6000.0,71226.57364451035,350.14777485623705,19956.47749677663,16164.746772389066,3467.330644979035,45431.41958013375,1539.711913794501,46971.131493928246
2025-08-20,6000.0,6000.0,68703.02398590896,6209.71240101834,22005.489959714723,17824.446867368933,81.00222791485612,44061.10406282119,17113.993097875133,61175.09716069633
2025-08-21,6000.0,6000.0,70555.35399745015,236.06774937206097,19801.890108660686,16039.53098801515,1184.6441428433382,44958.68828519191,1203.1788626212156,46161.86714781312
2025-08-22,6000.0,6000.0,38959.36209419164,1291.2595513066658,16583.16223763516,13432.361412484483,15869.251420347628,22328.06078600927,6542.536269094434,28870.597055103706
2025-08-23,6000.0,6000.0,39491.85193792126,460.7618555535627,16427.79370472517,13306.512900827393,14301.326839577046,22938.24260182042,1624.7117687872721,24562.95437060769
2025-08-24,6000.0,6000.0,69144.71914350064,1138.4135568221136,21252.85975839843,17214.81640430272,2511.4998628937274,44203.84099894244,4224.77284621515,48428.61384515759
2025-08-25,6000.0,6000.0,69922.46073708193,4789.903998145057,20415.2262761879,16536.333283712207,60.384726084623935,44865.0220817044,12794.082607552496,57659.1046892569
2025-08-26,6000.0,6000.0,72220.8731618021,208.33171833167674,20690.435605187726,16759.252840202054,2969.203731814768,46065.462311178155,924.5537954857144,46990.01610666387
2025-08-27,6000.0,6000.0,78054.17188777227,174.48211638452725,21464.03445690318,17385.867910091572,6236.338590678522,49428.99856023528,747.4985736297792,50176.497133865065
2025-08-28,6000.0,6000.0,71491.88288422176,3776.5455990843534,21652.833539492363,17538.795166988813,386.5951274692429,45864.5381275013,9152.92717470747,55017.46530220877
2025-08-29,6000.0,6000.0,41585.14744927428,0.0,16443.74414507768,13319.432757512917,15905.61571170952,24758.430293451587,0.0,24758.430293451587
2025-08-30,6000.0,6000.0,40476.44300432065,297.8295472435274,16589.34752922934,13437.37149867577,19109.576687677272,23822.594389125275,829.8327597759042,24652.42714890118
2025-08-31,6000.0,6000.0,70234.79236541045,569.9525391221491,20095.509163585517,16277.362422504273,339.9750801180344,45537.81958397687,1420.1267637349426,46957.94634771181
2025-09-01,6000.0,6000.0,76298.5018071699,0.0,17540.806815035394,14208.053520178673,19391.61397897985,48352.8100159611,0.0,48352.8100159611
2025-09-02,6000.0,6000.0,69470.609829584,0.0,19045.569576728296,15426.911357149924,11794.195760005634,44299.02548055219,0.0,44299.02548055219
2025-09-03,6000.0,6000.0,69520.5370262418,0.0,17188.474902374353,13922.664670923223,10707.009544790686,44394.3878169787,0.0,44394.3878169787
2025-09-04,6000.0,6000.0,71388.39862884677,0.0,17926.096827256464,14520.138430077739,14056.87468166806,45104.52594209822,0.0,45104.52594209822
2025-09-05,6000.0,6000.0,37089.55646017928,0.0,15547.107168892428,12593.156806802866,27311.34443142305,21335.64275065949,0.0,21335.64275065949
2025-09-06,6000.0,6000.0,36947.70196725194,0.0,15044.632180890856,12186.152066521594,26368.13815288267,21425.78204816847,0.0,21425.78204816847
2025-09-07,6000.0,6000.0,64620.35909773475,0.0,18760.174450267536,15195.741304716705,6094.942335517257,41612.411561861096,0.0,41612.411561861096
2025-09-08,6000.0,6000.0,58920.16827950766,4508.934973336392,20112.868947783136,16291.42384770434,212.08861943193102,36862.837474262386,12519.043443714403,49381.880917976785
2025-09-09,6000.0,6000.0,59251.661808107325,0.0,20865.352719282502,16900.935702618826,2184.410524776985,37464.32525033382,0.0,37464.32525033382
2025-09-10,6000.0,6000.0,59816.31088247429,6042.214738254866,21740.391951800695,17609.717480958563,411.85249988703094,37951.39924197434,14279.392201156199,52230.79144313054
2025-09-11,6000.0,6000.0,61368.398835860324,0.0,20726.980953334278,16788.854572200766,3934.186671393478,38481.592503149834,0.0,38481.592503149834
2025-09-12,6000.0,6000.0,30809.000200159462,1058.255601899406,16284.180393358201,13190.18611862014,17221.605327320813,16781.217929706007,2628.8974788555042,19410.115408561513
2025-09-13,6000.0,6000.0,31645.179425067974,539.7881777462644,16447.625194213702,13322.57640731309,21052.817332580296,17512.572148818224,1172.0220268738042,18684.59417569203
2025-09-14,6000.0,6000.0,59588.349344563925,4590.659139661013,21116.747586157344,17104.565544787452,67.50169285505399,37748.067275385416,10364.098037411597,48112.16531279701
2025-09-15,6000.0,6000.0,61910.564419158414,2160.3731931030597,21395.872451870116,17330.656686014794,4938.691213072819,38064.74552466652,8198.577960456329,46263.32348512285
2025-09-16,6000.0,6000.0,56651.41301631696,6809.316181091131,20889.259021446138,16920.299807371375,0.0,35462.677380694135,19272.20742819684,54734.88480889097
2025-09-17,6000.0,6000.0,64516.935134153486,1308.3572302965745,21021.080778592164,17027.07543065966,1871.1686165175588,39962.40646112516,5079.375684809733,45041.78214593489
2025-09-18,6000.0,6000.0,58666.31187710829,4229.90701531832,20665.62209647381,16739.153898143784,13.699577429917099,36737.77690739138,12961.519088005505,49699.29599539688
2025-09-19,6000.0,6000.0,30188.854443158634,1978.937184698531,16352.827873436589,13245.790577483636,12959.402015237545,15975.90500246127,7609.286347210823,23585.19134967209
2025-09-20,6000.0,6000.0,29975.393390330624,2334.7515588292986,16293.298216239984,13197.571555154384,13568.98455474099,16026.880066751663,8518.01360406178,24544.893670813442
2025-09-21,6000.0,6000.0,65608.86417148638,962.923250009735,19895.470427987275,16115.331046669691,4504.160556845198,40327.16817691242,5155.025965491137,45482.194142403554
2025-09-22,6000.0,6000.0,66130.90856020548,363.08897370147736,19679.224983740613,15940.1722368299,2140.924903662917,41554.17469635933,1360.1422325120857,42914.31692887142
2025-09-23,6000.0,6000.0,69799.42889117938,282.5486685773176,22298.004875231898,18061.38394893784,3728.741050129317,42964.3040007494,1095.1032721575602,44059.40727290696
2025-09-24,6000.0,6000.0,70091.76802002666,0.0,20369.640656709656,16499.40893193482,5158.311195251825,43897.57167547384,0.0,43897.57167547384
2025-09-25,6000.0,6000.0,68039.07360426383,14.0342608425143,20278.070750405303,16425.237307828298,3864.8255225293597,42740.80849025554,94.49267825264879,42835.30116850819
2025-09-26,6000.0,6000.0,34133.60079028147,0.0,16889.265592560016,13680.305129973614,13230.396827695069,18745.43426267388,0.0,18745.43426267388
2025-09-27,6000.0,6000.0,33926.4288932544,581.2072806202773,17061.106970141078,13819.496645814274,13464.723599547879,18675.7040735853,1997.8272805128458,20673.531354098148
2025-09-28,6000.0,6000.0,66013.43690771068,2022.0156254855144,21559.876555820407,17463.50001021453,451.44682092364815,41474.803213088206,5589.467731003877,47064.27094409208
2025-09-29,6000.0,6000.0,70683.44406788572,4.816891757199755,19722.298515448587,15975.061797513361,4181.132641707698,44713.482739765706,33.60263689822549,44747.085376663934
2025-09-30,6000.0,6000.0,70254.53922540274,517.9085566897085,22409.92877848601,18152.042310573663,1092.3865475134457,44336.932131735775,1795.4748990133173,46132.40703074909
2025-10-01,6000.0,6000.0,73837.26842453939,0.0,17157.404652031317,13897.497768145366,20915.84000732011,46591.56836920799,0.0,46591.56836920799
2025-10-02,6000.0,6000.0,67939.43149522539,0.0,18161.899098421945,14711.138269721781,12757.887549858566,42731.84275778216,0.0,42731.84275778216
2025-10-03,6000.0,6000.0,33473.657654655406,0.0,15359.301905842925,12441.034543732769,22738.236592545247,18183.36299190918,0.0,18183.36299190918
2025-10-04,6000.0,6000.0,34343.8732121668,0.0,14808.705353553292,11995.051336378168,18434.236761658343,18996.75526268113,0.0,18996.75526268113
2025-10-05,6000.0,6000.0,65227.011390004016,0.0,18343.81151629168,14858.48732819626,7005.726135241928,41032.68082222494,0.0,41032.68082222494
2025-10-06,6000.0,6000.0,66947.17149042789,0.0,17696.567991701595,14334.220073278297,5851.714322004593,42573.46442170729,0.0,42573.46442170729
2025-10-07,6000.0,6000.0,65613.03513841111,66.15331376539979,20458.711080900357,16571.555975529292,4020.470346805457,41591.354943594386,254.8333870682584,41846.18833066265
2025-10-08,6000.0,6000.0,65976.30456448924,0.0,18860.08633509316,15276.669931425457,5914.392494154883,40841.70340846757,0.0,40841.70340846757
2025-10-09,6000.0,6000.0,64368.00226403388,0.0,20311.533137811115,16452.341841627007,4748.829284516443,39873.48311621049,0.0,39873.48311621049
2025-10-10,6000.0,6000.0,31551.161272974405,17.344106313255658,16739.01542116481,13558.60249114349,19044.481532599675,16247.249309949493,69.85338817663715,16317.102698126131
2025-10-11,6000.0,6000.0,33588.511366725,0.0,16386.76280831549,13273.277874735544,16368.712849811724,17875.548337574593,0.0,17875.548337574593
2025-10-12,6000.0,6000.0,64929.64948619724,0.0,19928.03541421103,16141.708685510926,2628.366774163808,40337.261056273775,0.0,40337.261056273775
2025-10-13,6000.0,6000.0,66146.55644015904,0.0,18301.327886063813,14824.075587711692,5641.9088418069205,41897.30695681558,0.0,41897.30695681558
2025-10-14,6000.0,6000.0,66071.07231597972,0.0,21342.03142560919,17287.04545474345,1242.257061780645,41389.796953266545,0.0,41389.796953266545
2025-10-15,6000.0,6000.0,68241.20672908469,0.0,20164.574608736042,16333.305433076199,2489.913903424859,42166.73440607976,0.0,42166.73440607976
2025-10-16,6000.0,6000.0,64715.35700552122,3434.256797468038,22390.798281368567,18136.546607908545,928.8891795292344,40039.600980197705,9547.593803331298,49587.194783529005
2025-10-17,6000.0,6000.0,32765.518446502516,150.31299397998566,17648.18125855546,14295.02681942992,13558.477684690293,16803.422765543895,632.6589333999275,17436.081698943824
2025-10-18,6000.0,6000.0,33865.09361061437,0.0,16699.78199344164,13526.823414687733,14615.541765193793,17924.04917298155,0.0,17924.04917298155
2025-10-19,6000.0,6000.0,68902.80711132564,1521.8719009299052,21162.453828174024,17141.587600820956,2518.090251569157,42624.980965496594,5432.751944730548,48057.73291022714
2025-10-20,6000.0,6000.0,70815.16893789978,0.0,20970.221557836187,16985.879461847308,2390.0444752442345,44559.61996553688,0.0,44559.61996553688
2025-10-21,6000.0,6000.0,72271.69387585901,0.0,21583.93004140035,17482.983333534285,1708.165817992945,45054.70895498655,0.0,45054.70895498655
2025-10-22,6000.0,6000.0,75021.15542423035,0.0,20787.368487446372,16837.76847483156,5516.658711615554,46788.29541033362,0.0,46788.29541033362
2025-10-23,6000.0,6000.0,73590.60095435592,0.0,20955.79430806364,16974.193389531552,6229.503002490507,46064.93825815071,0.0,46064.93825815071
2025-10-24,6000.0,6000.0,34114.1926589683,194.30152265144886,17774.91227952118,14397.678946412152,12511.210131844055,17691.5561649371,814.443458800036,18505.999623737138
2025-10-25,6000.0,6000.0,35336.60223725953,0.0,17398.92992908026,14093.13324255501,12632.372817400956,18813.537695035237,0.0,18813.537695035237
2025-10-26,6000.0,6000.0,73733.84015602096,0.0,19290.489973248754,15625.296878331492,5524.335044437035,46375.52266162704,0.0,46375.52266162704
2025-10-27,6000.0,6000.0,73621.9797574582,0.0,19686.803970580877,15946.311216170516,6328.905336381178,46329.12071424944,0.0,46329.12071424944
2025-10-28,6000.0,6000.0,74741.02370180248,0.0,21101.047046118165,17091.848107355716,4759.40306304003,46828.615195463724,0.0,46828.615195463724
2025-10-29,6000.0,6000.0,74502.09334041916,0.0,22197.074005988325,17979.62994485055,972.3924792813942,46582.537899084484,0.0,46582.537899084484
2025-10-30,6000.0,6000.0,75611.86130779548,0.0,20203.619710238985,16364.931965293574,6985.355912850068,47554.01383882545,0.0,47554.01383882545
2025-10-31,6000.0,6000.0,34699.840958829984,0.0,17570.56689173186,14232.15918230281,7457.141182734268,18403.3554536805,0.0,18403.3554536805
2025-11-01,6000.0,6000.0,36675.868490827204,0.0,16635.99915069065,13475.159312059426,10970.990218862647,19706.203199137813,0.0,19706.203199137813
2025-11-02,6000.0,6000.0,75609.78056575009,0.0,22012.440605519852,17830.07689047108,2631.0329173679893,47637.10961825696,0.0,47637.10961825696
2025-11-03,6000.0,6000.0,75626.98750219322,0.0,20265.429503020907,16414.997897446923,2271.6256132859094,47477.42783743578,0.0,47477.42783743578
2025-11-04,6000.0,6000.0,77956.11798834226,4.546585519929863,20869.666794119476,16904.430103236777,6415.35584964616,48806.64119033278,21.296206575351476,48827.937396908135
2025-11-05,6000.0,6000.0,78333.7316291052,0.0,20966.069789542576,16982.516529529494,4672.158302425447,49254.95928366665,0.0,49254.95928366665
2025-11-06,6000.0,6000.0,75840.020705719,1267.8053460013539,22670.80390033344,18363.35115927009,1430.7887606569939,47246.444398306354,5430.501778198841,52676.9461765052
2025-11-07,6000.0,6000.0,35821.153391620384,0.0,17591.748667751057,14249.316420878356,9160.259361414353,19086.40929838919,0.0,19086.40929838919
2025-11-08,6000.0,6000.0,35830.82934888828,0.0,17487.47947944691,14164.858378351993,8717.001147793362,18835.454673045442,0.0,18835.454673045442
2025-11-09,6000.0,6000.0,78049.00657479218,0.0,21633.76478061403,17523.349472297363,2591.7740831421816,49169.65222808076,0.0,49169.65222808076
2025-11-10,6000.0,6000.0,77812.22075285998,987.5084931749882,22001.807927703492,17821.464421439836,760.942639771302,49064.640986857674,2241.716664681314,51306.35765153899
2025-11-11,6000.0,6000.0,80122.33959280432,0.0,20994.497692567973,17005.54313098006,4574.365364549749,50499.097239896524,0.0,50499.097239896524
2025-11-12,6000.0,6000.0,81197.52255847046,0.0,21262.781171748036,17222.85274911591,6201.606385838347,51250.826834597414,0.0,51250.826834597414
2025-11-13,6000.0,6000.0,78489.58601792935,132.95110450508355,21330.491192719666,17277.69786610293,2173.872479151036,49494.53064692625,460.0277350188155,49954.55838194507
2025-11-14,6000.0,6000.0,36367.761137072666,0.0,17233.828165753934,13959.400814260687,5494.878485579417,19471.139630689406,0.0,19471.139630689406
2025-11-15,6000.0,6000.0,36583.62563979432,0.0,17918.937190011253,14514.339123909114,4967.140657025523,19337.66520652183,0.0,19337.66520652183
2025-11-16,6000.0,6000.0,80310.63692970302,0.0,23641.94767882953,19149.977619851925,1384.1224873920805,50570.72690110636,0.0,50570.72690110636
2025-11-17,6000.0,6000.0,81640.03527626547,0.0,21023.476211242247,17029.01573110622,4949.820462796114,51788.308910309934,0.0,51788.308910309934
2025-11-18,6000.0,6000.0,82369.73950083595,0.0,21653.34297015097,17539.20780582229,3365.052503173926,52111.20264295441,0.0,52111.20264295441
2025-11-19,6000.0,6000.0,83831.63244886695,0.0,22691.146907216662,18379.828994845506,4152.002936495793,53144.087950077184,0.0,53144.087950077184
2025-11-20,6000.0,6000.0,82072.1466017873,0.0,21686.08039549969,17565.72512035475,3158.715293309026,52076.24154776927,0.0,52076.24154776927
2025-11-21,6000.0,6000.0,37272.82118773204,0.0,17741.06723628424,14370.264461390238,5037.634346171373,19925.40494163272,0.0,19925.40494163272
2025-11-22,6000.0,6000.0,36523.16935902464,0.0,18304.144703560694,14826.357209884163,2825.5523820147782,19481.724878988498,0.0,19481.724878988498
2025-11-23,6000.0,6000.0,82789.66200182695,0.0,23445.610269119956,18990.944317987163,3102.899767360833,52384.2807381295,0.0,52384.2807381295
2025-11-24,6000.0,6000.0,82639.60367329442,13.903264133955055,21092.745154342352,17085.123575017307,4483.941658103327,52515.16167772235,29.499050077899298,52544.660727800256
2025-11-25,6000.0,6000.0,84040.07644614213,0.0,22972.523799976938,18607.74427798132,3506.636457479865,53146.913073168296,0.0,53146.913073168296
2025-11-26,6000.0,6000.0,85776.92611884573,12.092437295746663,21902.611177305233,17741.11505361724,4869.855549120151,54535.76851388281,56.64097629327737,54592.40949017608
2025-11-27,6000.0,6000.0,83636.3915956872,0.0,21541.907167957732,17448.944806045765,3762.536500441891,53255.27264360928,0.0,53255.27264360928
2025-11-28,6000.0,6000.0,38013.158991087,0.0,18534.941262938788,15013.302422980425,3570.2816011286436,20344.934181825178,0.0,20344.934181825178
2025-11-29,6000.0,6000.0,37478.70663829388,1125.119653407681,18698.350149934628,15145.663621447049,121.68966321398015,20033.23493902036,2365.8219202364126,22399.056859256772
2025-11-30,6000.0,6000.0,84221.88250888289,963.0219957673374,24996.539593730802,20247.197070921953,190.73386517471505,53419.602861825566,2169.492710728834,55589.0955725544
2025-12-01,6000.0,6000.0,85563.85576289582,5701.187258006275,25001.411104956383,20251.142995014678,215.84717762706222,54598.332463629966,17681.73351170947,72280.06597533944
2025-12-02,6000.0,6000.0,85919.29497811932,7500.293900334111,25031.15907124388,20275.238847707544,25.858704917086285,54378.4713499803,26572.883545944213,80951.35489592451
2025-12-03,6000.0,6000.0,87855.17980808415,4096.39922199729,24824.20147380971,20107.603193785864,72.23218339093143,56185.83230483775,11249.541028837108,67435.37333367486
2025-12-04,6000.0,6000.0,86720.34921378181,5052.868749029456,24954.699401305836,20213.306515057728,260.6163265631692,55265.440129518174,16465.88698596322,71731.3271154814
2025-12-05,6000.0,6000.0,41095.82201195648,4353.893984462596,20870.528276764075,16905.127904178902,172.68794050056476,21931.02314698352,9932.910037495214,31863.933184478734
2025-12-06,6000.0,6000.0,43890.01071424682,4312.720191101714,21217.78546502101,17186.406226667023,506.7208503278795,23075.942091684614,9882.78681743264,32958.72890911726
2025-12-07,6000.0,6000.0,89914.93572754884,2899.856906531045,25326.280969112406,20514.28758498106,350.11799994854596,57521.49512764093,7868.020523825273,65389.5156514662
2025-12-08,6000.0,6000.0,99826.82261120979,0.0,23757.63758373002,19243.68644282132,7465.660353634419,64458.924093806796,0.0,64458.924093806796
2025-12-09,6000.0,6000.0,101168.37020136413,0.0,23847.210390120963,19316.24041599798,9248.945960574483,65369.76343367642,0.0,65369.76343367642
2025-12-10,6000.0,6000.0,97926.89999923407,0.0,23658.00268207318,19162.982172479267,5044.261022973496,62617.514799826495,0.0,62617.514799826495
2025-12-11,6000.0,6000.0,97987.46620140367,0.0,23302.378573738944,18874.92664472854,7598.759572393278,63110.64086354124,0.0,63110.64086354124
2025-12-12,6000.0,6000.0,50456.66964254051,0.0,19953.232123438458,16162.118019985151,2951.142055753864,26635.57007243089,0.0,26635.57007243089
2025-12-13,6000.0,6000.0,53144.262900497524,0.0,20043.04755809551,16234.868522057366,5537.550481126051,27754.80012302568,0.0,27754.80012302568
2025-12-14,6000.0,6000.0,97510.32120840767,0.0,24722.87887728936,20025.531890604376,4034.252421722683,62452.65971404658,0.0,62452.65971404658
2025-12-15,6000.0,6000.0,98136.61032512569,0.0,23663.482535674244,19167.42085389614,4170.990676680924,63401.54275701374,0.0,63401.54275701374
2025-12-16,6000.0,6000.0,96645.51523356186,0.0,24206.739614828097,19607.459088010764,2628.143373411193,62178.23527047026,0.0,62178.23527047026
2025-12-17,6000.0,6000.0,96614.5441750549,0.0,23578.8550116196,19098.872559411873,3942.71465618052,61893.51432701991,0.0,61893.51432701991
2025-12-18,6000.0,6000.0,97896.10366553883,0.0,23037.56389853722,18660.426757815152,6152.699558150099,63399.28179391787,0.0,63399.28179391787
2025-12-19,6000.0,6000.0,50727.32091880613,0.0,19973.691226616604,16178.68989355945,4023.928285748975,26682.7354876545,0.0,26682.7354876545
2025-12-20,6000.0,6000.0,51878.53167971047,0.0,19900.435694751497,16119.352912748716,5241.096647707688,27366.59193677578,0.0,27366.59193677578
2025-12-21,6000.0,6000.0,97381.39347755518,0.0,24345.844286782456,19720.133872293783,3717.901196399845,62715.15191250693,0.0,62715.15191250693
2025-12-22,6000.0,6000.0,97485.9635953391,0.0,24159.788578710133,19569.428748755214,3958.1766820508446,62969.6126514732,0.0,62969.6126514732
2025-12-23,6000.0,6000.0,95660.56109631728,0.0,23648.261135790104,19155.09151998999,3909.2989471838496,61374.5838820315,0.0,61374.5838820315
2025-12-24,6000.0,6000.0,95388.4534216985,29.231492849542384,24523.928046777502,19864.38171788977,2903.579268993651,61126.48081784836,135.4002748790803,61261.88109272744
2025-12-25,6000.0,6000.0,94606.63583347303,7.190105105456178,24339.704185701492,19715.160390418212,2176.8336099618864,60706.162354943466,33.54903042205853,60739.711385365525
2025-12-26,6000.0,6000.0,49729.471247528534,0.0,20599.18838470885,16685.342591614157,2808.003021100516,26027.528416449575,0.0,26027.528416449575
2025-12-27,6000.0,6000.0,50922.32401699042,0.0,19834.81547564507,16066.20053527251,3814.900009951193,26726.174244885995,0.0,26726.174244885995
2025-12-28,6000.0,6000.0,96369.9992570513,0.0,23162.19597960409,18761.378743479305,5159.927270926525,62008.84175168039,0.0,62008.84175168039
2025-12-29,6000.0,6000.0,94507.26952702993,0.0,24208.52542305946,19608.90559267816,2383.883429981972,60362.19118646429,0.0,60362.19118646429
2025-12-30,6000.0,6000.0,94415.6672669122,0.0,24152.65955587841,19563.654240261516,3602.2593512953026,60330.00968663566,0.0,60330.00968663566
2025-12-31,6000.0,6000.0,94372.35236142081,129.57558001961792,24901.73032061252,20170.401559696144,1124.1762471907255,60390.71704664216,477.8810890891692,60868.59813573133
